COMPANY,SHIP NAME,EMAIL,SHIP NAME,SHIP KEY
KLCSM,ADONIS,adonis@sea-one.com,ADONIS,3EGH4
KLCSM,GLOBAL BRAVE,globalbrave@sea-one.com,GLOBAL BRAVE,3FHX4
KLCSM,GLOBAL FRONTIER,globalfrontier@sea-one.com,GLOBAL FRONTIER,H3TS
KLCSM,GLOBAL GENESIS,globalgenesis@sea-one.com,GLOBAL GENESIS,3FLO2
KLCSM,GLOBAL HOPE,globalhope@sea-one.com,GLOBAL HOPE,3EZY7
KLCSM,K.ACACIA,acacia@sea-one.com,K.ACACIA,3FQY9
KLCSM,K.ASIAN BEAUTY,kasb@sea-one.com,K.ASIAN BEAUTY,3EUH5
KLCSM,K.ASTER,k.aster@sea-one.com,K.ASTER,3FUB2
KLCSM,K.DAPHNE,k.daphne@sea-one.com,K.DAPHNE,3EZF9
KLCSM,K.FREESIA,freesia@sea-one.com,K.FREESIA,H3DP
KLCSM,K.JASMINE,jasmine@sea-one.com,K.JASMINE,3EPQ5
KLCSM,K.MUGUNGWHA,mugungwha@sea-one.com,K.MUGUNGWHA,3ETM6
KLCSM,LAVENDER,lavender@sea-one.com,LAVENDER,3FHG3
KLCSM,ROSEMARY,rosemary@sea-one.com,ROSEMARY,3FBU8
KLCSM,SM CHALLENGER,smchallenger@sea-one.com,SM CHALLENGER,V7TJ5
KLCSM,SM DIAMOND,smdiamond@sea-one.com,SM DIAMOND,3FIJ5
KLCSM,SM DONGHAE,smdonghae2@sea-one.com,SM DONGHAE,3FLR8
KLCSM,SM DONGHAE 2,smdonghae@sea-one.com,SM DONGHAE 2,3FMR6
KLCSM,SM DRAGON,smdragon@sea-one.com,SM DRAGON,3FJZ7
KLCSM,SM EAGLE,eagle@sea-one.com,SM EAGLE,3EMX3
KLCSM,SM EMERALD,smemerald@sea-one.com,SM EMERALD,3EHZ7
KLCSM,SM FALCON,smfalcon@sea-one.com,SM FALCON,H3MW
KLCSM,SM GEMINI 1,smgemini1@sea-one.com,SM GEMINI 1,3FYA6
KLCSM,SM GEMINI2,smgemini2@sea-one.com,SM GEMINI2,3FVP5
KLCSM,SM HARMONY1,smharmony1@sea-one.com,SM HARMONY1,V7A2878
KLCSM,SM HARMONY2,smharmony2@sea-one.com,SM HARMONY2,D7VO
KLCSM,SM HEDLAND,smhedland@sea-one.com,SM HEDLAND,V7BW6
KLCSM,SM JEJU LNG1,smjejulng1@sea-one.com,SM JEJU LNG1,3FTI8
KLCSM,SM JEJU LNG2,smjejulng2@sea-one.com,SM JEJU LNG2,3ESH2
KLCSM,SM LION,smlion@sea-one.com,SM LION,3EKG8
KLCSM,SM NAVIGATOR,smnavigator@sea-one.com,SM NAVIGATOR,3ESW6
KLCSM,SM NEWORLEANS,smneworleans@sea-one.com,SM NEWORLEANS,V7A2392
KLCSM,SM OSPREY,smosprey@sea-one.com,SM OSPREY,3ECA6
KLCSM,SM PUMA,smpuma@sea-one.com,SM PUMA,3END5
KLCSM,SM ROBERTS BANK,smrobertsbank@sea-one.com,SM ROBERTS BANK,V7A2565
KLCSM,SM SAMCHEONPO,smsamcheonpo@sea-one.com,SM SAMCHEONPO,V7A2310
KLCSM,SM SANTOS,smsantos@sea-one.com,SM SANTOS,V7A2689
KLCSM,SM SEAHAWK,seahawk@sea-one.com,SM SEAHAWK,3FLV3
KLCSM,SM TIGER,smtiger@sea-one.com,SM TIGER,3FEJ7
KLCSM,SM VENUS1,smvenus1@sea-one.com,SM VENUS1,3EQL8
KLCSM,SM VENUS2,smvenus2@sea-one.com,SM VENUS2,3EZX3
KLCSM,SM VISION,smvision@sea-one.com,SM VISION,3EJN6
KLCSM,SM WHITE WHALE 1,smwhitewhale1@sea-one.com,SM WHITE WHALE 1,3FND8
KLCSM,SM WHITE WHALE 2,smwhitewhale2@sea-one.com,SM WHITE WHALE 2,3FCV5
KLCSM,WHITE ROSE,whiterose@sea-one.com,WHITE ROSE,3EEW7
